                  epoch,         train/box_loss,         train/cls_loss,         train/dfl_loss,   metrics/precision(B),      metrics/recall(B),       metrics/mAP50(B),    metrics/mAP50-95(B),           val/box_loss,           val/cls_loss,           val/dfl_loss,                 lr/pg0,                 lr/pg1,                 lr/pg2
                      1,                 2.5593,                 4.5047,                 1.5332,                0.20967,                0.10417,                0.04033,                0.01708,                 2.2748,                 3.7535,                  1.421,             0.00015131,             0.00015131,             0.00015131
                      2,                 2.1781,                 3.1453,                 1.3174,                0.64364,                0.15604,                0.16414,                 0.0725,                 2.1266,                 2.7843,                 1.3739,             0.00024298,             0.00024298,             0.00024298
                      3,                 2.0401,                 2.5521,                 1.2733,                 0.3657,                0.29486,                0.24555,                0.11304,                 1.9928,                 2.4833,                  1.309,              0.0002746,              0.0002746,              0.0002746
                      4,                 1.9396,                 2.3412,                 1.2385,                0.61605,                0.29229,                0.31218,                0.14207,                 1.9843,                 2.3213,                 1.2813,             0.00018473,             0.00018473,             0.00018473
                      5,                 1.9039,                 2.2315,                 1.2309,                0.58184,                0.33833,                 0.3458,                0.16001,                 1.9516,                 2.1538,                 1.2735,             0.00018473,             0.00018473,             0.00018473
